ticket,opening_time_utc,closing_time_utc,type,lots,original_position_size,symbol,opening_price,closing_price,stop_loss,take_profit,commission,swap,profit,equity,margin_level,close_reason
2557713,2026-08-28T14:07:32,2026-08-28T14:10:05,sell,0.05,0.05,BTCUSD,78675.08,78876.5,78875.08,78075.08,,,-10.07,,,user
2557070,2026-08-28T13:40:50,2026-08-28T13:42:50,sell,0.03,0.03,XAUUSD,4603.314,4607.137,4607.137,4594.001,,,-11.5,,,user
2556996,2026-08-28T13:35:25,2026-08-28T13:37:42,buy,0.05,0.05,XAUUSD,4605.746,4602.308,4602.308,4614.308,,,-17.2,,,user
2556957,2026-08-28T13:31:52,2026-08-28T13:34:35,buy,0.05,0.05,XAUUSD,4602.497,4602.973,4597.935,4602.973,,,2.4,,,user
2555820,2026-08-28T11:08:01,2026-08-28T11:16:36,sell,0.02,0.02,XAUUSD,4597.098,4600.263,4600.263,4592,,,-6.3,,,user
2553743,2026-08-28T06:24:14,2026-08-28T06:30:16,buy,0.02,0.02,XAUUSD,4584.372,4584.872,4581.932,4584.872,,,1,,,user
2553431,2026-08-28T05:52:14,2026-08-28T06:22:16,buy,0.05,0.05,XAUUSD,4575.353,4583.353,4579.362,4583.353,,,40,,,user
2553504,2026-08-28T06:00:53,2026-08-28T06:13:00,buy,0.01,0.01,XAUUSD,4574.269,4583.269,4574.289,4583.269,,,9,,,user
2544338,2026-08-27T13:00:53,2026-08-27T13:01:01,sell,0.1,0.1,XAUUSD,4581.689,4585.292,,,,,-36,,,user
2544334,2026-08-27T13:00:44,2026-08-27T13:00:47,sell,0.1,0.1,XAUUSD,4581.281,4581.4710000000005,,,,,-1.9,,,user
2544329,2026-08-27T13:00:32,2026-08-27T13:00:39,sell,0.1,0.1,XAUUSD,4582.077,4581.921,,,,,1.6,,,user
2544322,2026-08-27T13:00:13,2026-08-27T13:00:25,sell,0.1,0.1,XAUUSD,4583.668,4582.5470000000005,,,,,11.2,,,user
2544313,2026-08-27T12:59:43,2026-08-27T13:00:07,buy,0.1,0.1,XAUUSD,4586.13,4583.235,,4587.571,,,-29,,,user
2544157,2026-08-27T12:50:23,2026-08-27T12:57:13,sell,0.05,0.05,XAUUSD,4583.308,4586.944,4586.944,4577.191,,,-18.2,,,user
2544098,2026-08-27T12:46:20,2026-08-27T12:50:36,buy,0.05,0.05,XAUUSD,4586,4583.408,4582,4595,,,-13,,,user
2544089,2026-08-27T12:43:01,2026-08-27T12:43:28,sell,0.1,0.1,XAUUSD,4589.345,4587.704000000001,4592.85,,,,16.4,,,user
2544067,2026-08-27T12:40:39,2026-08-27T12:42:25,sell,0.1,0.1,XAUUSD,4587.512,4590.212,4590.212,4586.902,,,-27,,,user
2544044,2026-08-27T12:39:19,2026-08-27T12:40:15,sell,0.1,0.1,XAUUSD,4588.656,4588.18,4592.259,4587.488,,,4.8,,,user
2544041,2026-08-27T12:38:59,2026-08-27T12:39:03,sell,0.05,0.05,XAUUSD,4588.886,4588.823,4596.85,,,,0.3,,,user
2543736,2026-08-27T12:14:29,2026-08-27T12:33:53,buy,0.01,0.01,XAUUSD,4593.831,4594.814,4586.861,4611.059,,,1,,,user
2543743,2026-08-27T12:11:58,2026-08-27T12:33:53,buy,0.01,0.01,XAUUSD,4594.097,4594.746,4587.024,4611.059,,,0.6,,,user
2543342,2026-08-27T11:25:54,2026-08-27T12:33:53,buy,0.01,0.01,XAUUSD,4595.124,4594.746,4586.861,4600.164,,,-0.4,,,user
2543715,2026-08-27T12:08:19,2026-08-27T12:33:53,buy,0.01,0.01,XAUUSD,4594.319,4594.746,4586.861,4611.059,,,0.4,,,user
2543707,2026-08-27T12:07:23,2026-08-27T12:33:53,buy,0.01,0.01,XAUUSD,4594.478,4594.746,4586.861,4600.205,,,0.3,,,user
2543090,2026-08-27T10:53:08,2026-08-27T12:06:34,buy,0.02,0.02,XAUUSD,4587.823,4593.769,4593.769,,,,11.9,,,user
2541406,2026-08-27T09:56:27,2026-08-27T10:18:58,sell,0.02,0.02,BTCUSD,80000.91,79981.3,80239.15,79488.65,,,0.39,,,user
2534518,2026-08-27T00:33:20,2026-08-27T08:08:40,sell,0.02,0.02,BTCUSD,78827.69,79665,79665,77765,,,-16.75,,,user
2536586,2026-08-27T04:17:22,2026-08-27T04:35:34,sell,0.01,0.01,XAUUSD,4626,4618.914000000001,4622.824,4615,,,7.1,,,user
2534806,2026-08-27T01:14:48,2026-08-27T01:21:58,buy,0.01,0.01,XAUUSD,4624.748,4620.636,4614.183,4720,,,-4.1,,,user
2534523,2026-08-27T00:35:13,2026-08-27T01:08:15,sell,0.01,0.01,XAUUSD,4612.233,4620.02,4619.224,4594.382,,,-7.8,,,user
2534422,2026-08-27T00:06:26,2026-08-27T00:19:33,sell,0.01,0.01,XAUUSD,4619.286,4618.041,4618.041,4606.262,,,1.2,,,user
2534410,2026-08-27T00:02:49,2026-08-27T00:06:03,buy,0.01,0.01,XAUUSD,4624.297,4620.649,4620.649,,,,-3.6,,,user
2533180,2026-08-26T17:17:37,2026-08-26T17:34:54,buy,0.1,0.1,EURUSD,1.16517,1.16534,1.16477,1.16576,,,1.7,,,user
2532878,2026-08-26T17:10:41,2026-08-26T17:17:33,sell,0.1,0.1,EURUSD,1.16494,1.1651900000000002,1.16541,1.16412,,,-2.5,,,user
2531858,2026-08-26T16:17:14,2026-08-26T16:20:48,sell,0.05,0.05,BTCUSD,78012,78135.97,78135.97,77786.32,,,-6.2,,,user
2527090,2026-08-26T12:30:11,2026-08-26T12:30:24,sell,0.01,0.01,XAUUSD,4619.589,4616.374,4624.867,,,,3.2,,,user
2527054,2026-08-26T12:29:30,2026-08-26T12:30:08,buy,0.01,0.01,XAUUSD,4629.42,4621.465,4625.176,,,,-8,,,user
2526719,2026-08-26T12:02:05,2026-08-26T12:08:49,buy,0.02,0.02,XAUUSD,4627.411,4627.496,4627.496,4679.563,,,0.2,,,user
2526064,2026-08-26T11:07:52,2026-08-26T11:18:30,sell,0.05,0.05,XAUUSD,4618.462,4622.656,4622.656,,,,-21,,,user
2525864,2026-08-26T10:49:52,2026-08-26T10:58:43,buy,0.05,0.05,XAUUSD,4624.108,4619.128,4619.128,4646.265,,,-24.9,,,user
2524924,2026-08-26T09:21:41,2026-08-26T09:23:29,buy,0.05,0.05,BTCUSD,78503.67,78390.06,78395.77,78724.8,,,-5.68,,,user
2524644,2026-08-26T09:08:46,2026-08-26T09:21:00,buy,0.04,0.04,XAUUSD,4624.96,4619.38,4619.38,4641.2,,,-22.3,,,user
2523108,2026-08-26T05:57:20,2026-08-26T05:59:10,buy,0.01,0.01,XAUUSD,4638.275,4638.342,,,,,0.1,,,user
2523105,2026-08-26T05:57:01,2026-08-26T05:59:10,buy,0.01,0.01,XAUUSD,4638.298,4638.342,,,,,,,,user
2522675,2026-08-26T04:55:51,2026-08-26T05:41:08,buy,0.01,0.01,XAUUSD,4641.71,4643.472,4633.523,,,,1.8,,,user
2522362,2026-08-26T04:05:01,2026-08-26T05:41:08,buy,0.05,0.05,XAUUSD,4643.15,4643.472,4633.627,,,,1.6,,,user
2499519,2026-08-24T11:57:39,2026-08-24T12:10:55,sell,0.05,0.05,XAUUSD,4656.519,4656.525,4656.525,,,,,,,user
2499410,2026-08-24T11:49:06,2026-08-24T11:53:59,sell,0.1,0.1,XAUUSD,4650.101,4656.607,4656.607,4637.307,,,-65.1,,,user
2499258,2026-08-24T11:40:13,2026-08-24T11:40:55,buy,0.05,0.05,XAUUSD,4660.326,4663.002,4650.444,4670.244,,,13.4,,,user
2499027,2026-08-24T11:21:17,2026-08-24T11:35:13,buy,0.05,0.05,BTCUSD,77839.98,78263.92,77730.56,78263.92,,,21.2,,,user
2498517,2026-08-24T10:30:28,2026-08-24T10:37:20,sell,0.1,0.1,XAUUSD,4643.311,4647.392,4647.392,4629.528,,,-40.8,,,user
2498478,2026-08-24T10:23:29,2026-08-24T10:28:11,sell,0.05,0.05,XAUUSD,4643.991,4643.475,4650.547,4628.299,,,2.6,,,user
2496179,2026-08-24T06:25:55,2026-08-24T06:26:25,buy,0.01,0.01,XAUUSD,4648.303,4644.101,4645.23,4661.681,,,-4.2,,,user
2491936,2026-08-23T10:05:27,2026-08-23T11:27:45,buy,0.02,0.02,BTCUSD,76631.34,77160.55,76361.42,77384.58,,,10.58,,,user
2485271,2026-08-21T11:55:16,2026-08-21T11:58:57,buy,0.01,0.01,XAUUSD,4598.747,4596.9,4596.9,4599.384,,,-1.8,,,user
2463931,2026-08-19T17:05:37,2026-08-19T17:07:21,sell,0.01,0.01,XAUUSD,4496.277,4494.363,4498.041,4494.363,,,1.9,,,user
2447013,2026-08-18T13:17:14,2026-08-18T13:28:10,buy,0.05,0.05,XAUUSD,4389.47,4390.131,4389.489,4393.499,,,3.3,,,user
2446851,2026-08-18T13:08:05,2026-08-18T13:10:01,buy,0.01,0.01,XAUUSD,4390.389,4388.338,4388.338,4396.319,,,-2.1,,,user
2446563,2026-08-18T12:41:13,2026-08-18T13:10:01,buy,0.05,0.05,XAUUSD,4391.683,4388.335,4388.335,4402.712,,,-16.7,,,user
2446714,2026-08-18T13:00:16,2026-08-18T13:03:50,buy,0.05,0.05,XAUUSD,4391.59,4395.845,4388.404,4395.845,,,21.3,,,user
2446414,2026-08-18T12:29:25,2026-08-18T12:35:02,buy,0.01,0.01,XAUUSD,4395.313,4397.325,4395.41,4397.325,,,2,,,user
2441619,2026-08-18T03:48:41,2026-08-18T05:46:41,sell,0.01,0.01,XAUUSD,4394.711,4394.587,4394.587,4385,,,0.1,,,user
2428841,2026-08-14T15:10:31,2026-08-14T15:13:10,sell,0.01,0.01,XAUUSD,4386.39,4391.175,4391.175,4377.088,,,-4.8,,,user
2428608,2026-08-14T14:50:14,2026-08-14T15:01:06,sell,0.01,0.01,XAUUSD,4379.895,4384.505,4384.505,,,,-4.6,,,user
2428535,2026-08-14T14:44:23,2026-08-14T14:49:01,sell,0.01,0.01,XAUUSD,4382.599,4382.34,4382.966,,,,0.3,,,user
2428564,2026-08-14T14:46:32,2026-08-14T14:49:01,sell,0.01,0.01,XAUUSD,4380.723,4382.34,4382.911,,,,-1.6,,,user
2428510,2026-08-14T14:41:30,2026-08-14T14:49:01,sell,0.01,0.01,XAUUSD,4384.268,4382.34,4384.443,,,,1.9,,,user
2428519,2026-08-14T14:43:01,2026-08-14T14:49:01,sell,0.01,0.01,XAUUSD,4382.598,4382.34,4482.036,,,,0.3,,,user
2426782,2026-08-14T12:27:25,2026-08-14T12:30:01,sell,0.01,0.01,XAUUSD,4377.749,4382.269,4382.269,4349.809,,,-4.5,,,user
2418530,2026-08-13T13:12:28,2026-08-13T13:29:23,sell,0.1,0.1,XAUUSD,4391.007,4386.214,4390.999,4385.013,,,47.9,,,user
2409364,2026-08-12T15:16:39,2026-08-12T15:21:46,buy,1,1,ETHUSD,1893.33,1890.3700000000001,1880.95,,,,-2.96,,,user
2408161,2026-08-12T13:41:45,2026-08-12T13:46:56,sell,0.04,0.04,XAUUSD,4412.187,4422.187,4422.187,4392.187,,,-40,,,user
2406824,2026-08-12T12:36:11,2026-08-12T12:38:11,buy,0.02,0.02,XAUUSD,4422.096,4424.150000000001,4416.191,,,,4.1,,,user
2406485,2026-08-12T12:30:08,2026-08-12T12:30:17,sell,0.02,0.02,XAUUSD,4392.068,4404.795,,,,,-25.5,,,user
2406013,2026-08-12T11:59:06,2026-08-12T12:29:51,sell,0.02,0.02,XAUUSD,4413.808,4424.417,4422.723,,,,-21.2,,,user
2406012,2026-08-12T11:59:06,2026-08-12T12:28:13,buy,0.02,0.02,XAUUSD,4414.068,4411.59,4403.983,,,,-5,,,user
2405585,2026-08-12T11:13:52,2026-08-12T11:29:52,sell,0.05,0.05,XAUUSD,4408.156,4415.202,4418.156,4388.156,,,-35.2,,,user
2404396,2026-08-12T08:24:35,2026-08-12T08:24:38,sell,0.05,0.05,XAUUSD,4408.445,4408.978,4418.57,4406.17,,,-2.7,,,user
2402372,2026-08-12T05:24:19,2026-08-12T05:56:45,sell,0.01,0.01,XAUUSD,4393.945,4390.102,4391.751,4379.169,,,3.8,,,user
2402251,2026-08-12T05:08:34,2026-08-12T05:16:00,buy,0.01,0.01,XAUUSD,4403.76,4398.977,4398.977,4415.064,,,-4.8,,,user
2402063,2026-08-12T04:42:19,2026-08-12T05:05:38,sell,0.01,0.01,XAUUSD,4397.228,4403.129,4403.129,4385.997,,,-5.9,,,user
2384598,2026-08-10T10:23:35,2026-08-10T10:33:04,buy,0.01,0.01,XAUUSD,4343.777,4341.116,,4343.81,,,-2.7,,,user
2381863,2026-08-10T05:08:31,2026-08-10T05:31:13,buy,0.01,0.01,XAUUSD,4336.858,4331.965,4331.965,,,,-4.9,,,user
2379981,2026-08-10T01:00:32,2026-08-10T01:01:25,sell,0.01,0.01,XAUUSD,4329.147,4334.344,4334.344,4318.18,,,-5.2,,,user
2379958,2026-08-10T00:54:36,2026-08-10T00:56:13,buy,0.01,0.01,XAUUSD,4335.234,4331.317,4331.889,4341.488,,,-3.9,,,user
2379544,2026-08-10T00:05:24,2026-08-10T00:16:00,buy,0.01,0.01,XAUUSD,4341.892,4341.99,4341.99,4347.404,,,0.1,,,user
2379313,2026-08-09T23:24:21,2026-08-09T23:31:45,buy,0.01,0.01,XAUUSD,4348.015,4344.708,4344.708,4354.78,,,-3.3,,,user
2378754,2026-08-09T09:56:41,2026-08-09T10:15:32,buy,0.02,0.02,BTCUSD,64803.01,64888.19,64844.44,64919.43,,,1.7,,,user
2378448,2026-08-08T19:56:21,2026-08-08T21:57:39,sell,0.01,0.01,BTCUSD,65040.48,64965.99,65039.65,64965.99,,,0.74,,,user
2378406,2026-08-08T16:38:56,2026-08-08T16:55:43,sell,0.01,0.01,BTCUSD,65004.84,65048.130000000005,65047.21,,,,-0.43,,,user
2365860,2026-08-07T00:47:57,2026-08-07T00:49:13,buy,0.01,0.01,XAUUSD,4233.955,4232.63,4232.63,4241.422,,,-1.3,,,user
2365794,2026-08-07T00:19:33,2026-08-07T00:20:26,sell,0.01,0.01,XAUUSD,4241.831,4243.45,4243.45,4232.449,,,-1.6,,,user
2361418,2026-08-06T13:07:06,2026-08-06T13:08:15,sell,0.01,0.01,XAUUSD,4244.897,4244.871,4244.694,4243.728,,,,,,user
2360832,2026-08-06T12:32:38,2026-08-06T12:43:30,buy,0.01,0.01,XAUUSD,4269.413,4266.178,4266.178,4275.848,,,-3.2,,,user
2360812,2026-08-06T12:31:56,2026-08-06T12:32:15,buy,0.01,0.01,XAUUSD,4267.916,4268.578,4265.297,4274.213,,,0.7,,,user
2360807,2026-08-06T12:31:40,2026-08-06T12:31:48,buy,0.01,0.01,XAUUSD,4266.998,4267.518,4264.284,4273.357,,,0.5,,,user
2360773,2026-08-06T12:29:41,2026-08-06T12:30:13,buy,0.01,0.01,XAUUSD,4260.887,4258.3820000000005,4257.609,4268.169,,,-2.5,,,user
2360020,2026-08-06T11:53:44,2026-08-06T11:56:26,buy,0.01,0.01,XAUUSD,4254.407,4261.6,4251.036,4261.6,,,7.2,,,user
2353682,2026-08-06T00:01:25,2026-08-06T00:03:40,sell,0.01,0.01,XAUUSD,4267.422,4266.819,4271.374,4262.47,,,0.6,,,user
2351237,2026-08-05T15:10:21,2026-08-05T17:52:17,buy,0.01,0.01,BTCUSD,64668.21,64666.72,64668.05,65000.95,,,-0.01,,,user
2345587,2026-08-05T08:57:00,2026-08-05T11:35:55,sell,0.01,0.01,BTCUSD,64096.32,64065.62,64205.61,63892.51,,,0.31,,,user
2346711,2026-08-05T11:04:49,2026-08-05T11:15:08,buy,0.01,0.01,XAUUSD,4163.34,4171.387,4165.397,4171.387,,,8,,,user
2337447,2026-08-04T14:31:01,2026-08-04T14:40:15,sell,0.01,0.01,XAUUSD,4081.182,4079.758,4084.24,4068.11,,,1.4,,,user
2337342,2026-08-04T14:26:05,2026-08-04T14:27:38,sell,0.01,0.01,XAUUSD,4082.619,4085,4086.206,4073.264,,,-2.4,,,user
2337328,2026-08-04T14:24:37,2026-08-04T14:24:54,sell,0.01,0.01,XAUUSD,4081.868,4082.343,4085.05,4073.01,,,-0.5,,,user
2334434,2026-08-04T11:03:43,2026-08-04T11:27:18,buy,0.01,0.01,XAUUSD,4054.578,4058.579,4058.579,4066.653,,,4,,,user
2329187,2026-08-04T01:12:09,2026-08-04T01:48:01,buy,0.01,0.01,GBPJPY,211.533,211.46,211.329,,,,-0.64,,,user
2329004,2026-08-04T00:28:58,2026-08-04T00:39:23,buy,0.01,0.01,XAUUSD,4060.888,4057.101,4057.101,4069.141,,,-3.8,,,user
2328991,2026-08-04T00:22:57,2026-08-04T00:25:30,buy,0.01,0.01,XAUUSD,4060.416,4058.4790000000003,4056.427,4068.866,,,-1.9,,,user
2328989,2026-08-04T00:21:33,2026-08-04T00:21:34,buy,0.01,0.01,XAUUSD,4060.737,4060.3540000000003,4056.505,4068.548,,,-0.4,,,user
2328957,2026-08-04T00:06:24,2026-08-04T00:21:19,buy,0.01,0.01,XAUUSD,4060.534,4060.417,4056.381,4080.029,,,-0.1,,,user
2328948,2026-08-04T00:00:14,2026-08-04T00:03:12,buy,0.01,0.01,XAUUSD,4054.534,4058.881,4058.881,4066.574,,,4.3,,,user
2327624,2026-08-03T16:03:13,2026-08-03T17:04:14,buy,0.01,0.01,XAUUSD,4037.579,4033.885,4033.885,,,,-3.7,,,user
2327360,2026-08-03T15:41:13,2026-08-03T16:02:34,buy,0.04,0.04,XAUUSD,4037.838,4035.948,4032.84,4053.639,,,-7.6,,,user
2327047,2026-08-03T15:09:25,2026-08-03T15:25:56,buy,0.01,0.01,XAUUSD,4034.802,4034.804,4034.804,,,,,,,user
2326869,2026-08-03T14:50:06,2026-08-03T15:00:18,buy,0.01,0.01,XAUUSD,4035.721,4035.756,4035.756,,,,,,,user
2326888,2026-08-03T14:52:27,2026-08-03T15:00:18,buy,0.01,0.01,XAUUSD,4035.067,4035.709,4035.709,,,,0.6,,,user
2326634,2026-08-03T14:24:46,2026-08-03T14:30:27,buy,0.01,0.01,XAUUSD,4034.634,4032.9030000000002,4029.337,4054.054,,,-1.7,,,user
2326155,2026-08-03T13:45:01,2026-08-03T14:08:20,buy,0.01,0.01,XAUUSD,4032.751,4030.9320000000002,4025.899,4043.249,,,-1.8,,,user
2325727,2026-08-03T13:20:44,2026-08-03T13:21:02,buy,0.01,0.01,EURUSD,1.15289,1.15291,1.15258,1.15331,,,0.02,,,user
2325646,2026-08-03T13:16:25,2026-08-03T13:19:26,sell,0.01,0.01,XAUUSD,4038.266,4036.232,4041.979,4032.157,,,2,,,user
2325479,2026-08-03T13:08:05,2026-08-03T13:09:25,sell,0.01,0.01,XAUUSD,4044.296,4044.4089999999997,4047.33,4043.733,,,-0.1,,,user
2325450,2026-08-03T13:06:14,2026-08-03T13:06:27,sell,0.01,0.01,XAUUSD,4045.295,4044.772,4101.108,3754.988,,,0.5,,,user
2325427,2026-08-03T13:05:06,2026-08-03T13:05:49,sell,0.1,0.1,XAUUSD,4042.719,4045.056,4046.074,4013.678,,,-23.4,,,user
2325383,2026-08-03T13:03:04,2026-08-03T13:03:18,sell,0.15,0.15,XAUUSD,4042.406,4042.632,4046.191,4023.116,,,-3.4,,,user
2325373,2026-08-03T13:02:49,2026-08-03T13:02:52,sell,0.15,0.15,XAUUSD,4041.691,4042.156,4045.405,4022.33,,,-7,,,user
2325347,2026-08-03T13:01:28,2026-08-03T13:01:43,sell,0.19,0.19,XAUUSD,4047.391,4046.6259999999997,4049.5,4026.425,,,14.5,,,user
2325332,2026-08-03T13:00:47,2026-08-03T13:01:06,buy,0.25,0.25,XAUUSD,4049.078,4047.291,4047.291,4064.828,,,-44.7,,,user
2325314,2026-08-03T13:00:16,2026-08-03T13:00:33,buy,0.25,0.25,XAUUSD,4053.203,4050.4590000000003,4050.35,4067.203,,,-68.6,,,user
2325305,2026-08-03T12:59:14,2026-08-03T12:59:33,buy,0.25,0.25,XAUUSD,4047.498,4047.761,4045.871,4063.408,,,6.6,,,user
2325240,2026-08-03T12:51:03,2026-08-03T12:51:22,sell,0.02,0.02,XAUUSD,4044.252,4044.3689999999997,4047.58,4021.279,,,-0.2,,,user
2325203,2026-08-03T12:45:48,2026-08-03T12:46:10,buy,0.1,0.1,XAUUSD,4046.118,4046.223,4042.332,4069.654,,,1.1,,,user
2325070,2026-08-03T12:37:44,2026-08-03T12:45:14,sell,0.05,0.05,XAUUSD,4047.464,4046.356,4046.356,4037.289,,,5.5,,,user
2324448,2026-08-03T11:40:23,2026-08-03T12:11:08,sell,0.03,0.03,GBPNZD,2.29377,2.29347,2.29582,2.28912,,,0.53,,,user
2319245,2026-08-03T00:36:03,2026-08-03T00:47:50,sell,0.01,0.01,XAUUSD,4063.365,4056.806,4063.24,4054.297,,,6.6,,,user
2319267,2026-08-03T00:42:01,2026-08-03T00:47:34,sell,0.02,0.02,XAUUSD,4059.491,4056.663,4062.853,4056.663,,,5.7,,,user
2319225,2026-08-03T00:31:26,2026-08-03T00:35:11,buy,0.01,0.01,GBPJPY,211.269,210.761,210.761,212.87,,,-3.2,,,user
2319126,2026-08-02T23:43:31,2026-08-03T00:27:45,buy,0.02,0.02,GBPJPY,212.938,212.542,212.542,213.496,,,-5.08,,,user
2315777,2026-07-31T15:38:59,2026-07-31T16:01:51,buy,0.1,0.1,XAUUSD,4042.158,4044.671,4044.671,,,,25.1,,,user
2315156,2026-07-31T14:37:53,2026-07-31T14:40:56,buy,0.1,0.1,XAUUSD,4040.972,4042.003,4038.462,4042.003,,,10.3,,,user
2314920,2026-07-31T14:17:37,2026-07-31T14:24:23,buy,0.03,0.03,XAUUSD,4034.503,4034.013,4034.587,4054.825,,,-1.5,,,user
2312215,2026-07-31T10:43:37,2026-07-31T10:51:25,buy,0.05,0.1,XAUUSD,4054.646,4054.874,4054.874,4058.611,,,1.1,,,user
2312215,2026-07-31T10:43:37,2026-07-31T10:48:28,buy,0.05,0.1,XAUUSD,4054.646,4056.2490000000003,4054.874,4058.611,,,8,,,user
2312173,2026-07-31T10:30:46,2026-07-31T10:38:24,buy,0.1,0.1,XAUUSD,4055.205,4053.022,4053.022,4060.65,,,-21.8,,,user
2310056,2026-07-31T05:52:08,2026-07-31T06:05:40,sell,0.01,0.01,XAUUSD,4074.19,4080.282,4080.282,4061.879,,,-6.1,,,user
2309928,2026-07-31T05:22:19,2026-07-31T05:33:23,buy,0.01,0.01,XAUUSD,4081.27,4079.045,4079.045,4085.251,,,-2.2,,,user
2308187,2026-07-30T17:32:09,2026-07-30T17:36:57,sell,0.05,0.05,XAUUSD,4100.931,4105.455,4105.455,4093.158,,,-22.6,,,user
2308055,2026-07-30T17:13:21,2026-07-30T17:23:00,sell,0.05,0.05,XAUUSD,4107.395,4107.389,4107.389,4099.337,,,,,,user
2306744,2026-07-30T14:53:46,2026-07-30T15:08:33,sell,0.05,0.05,XAUUSD,4098.84,4092.4829999999997,4095.557,,,,31.8,,,user
2302395,2026-07-30T10:26:46,2026-07-30T10:48:39,sell,0.1,0.1,GBPCAD,1.87873,1.8818000000000001,1.8818000000000001,1.87367,,,-21.87,,,user
2301624,2026-07-30T08:50:41,2026-07-30T08:57:15,sell,0.05,0.05,XAUUSD,4062.98,4060.4849999999997,4067.633,4042.949,,,12.5,,,user
2301012,2026-07-30T08:09:07,2026-07-30T08:12:39,sell,0.05,0.05,XAUUSD,4049.892,4054.862,4055.974,4043.285,,,-24.9,,,user
2300921,2026-07-30T08:01:20,2026-07-30T08:03:19,sell,0.05,0.05,XAUUSD,4038.067,4040.506,4040.506,4034.337,,,-12.2,,,user
2300739,2026-07-30T07:35:48,2026-07-30T07:39:56,sell,0.01,0.01,XAUUSD,4040.76,4040.744,4040.744,4035.905,,,,,,user
2297277,2026-07-29T20:48:43,2026-07-29T20:49:49,buy,0.5,0.5,XAUUSD,4069.328,4067.307,4067.307,4071.149,,,-101.1,,,user
2297275,2026-07-29T20:47:46,2026-07-29T20:48:12,buy,0.5,0.5,XAUUSD,4068.033,4068.1600000000003,4066.798,4121.099,,,6.4,,,user
2297270,2026-07-29T20:46:17,2026-07-29T20:47:12,buy,0.5,0.5,XAUUSD,4067.986,4068.103,4067.989,4121.227,,,5.9,,,user
2297265,2026-07-29T20:44:56,2026-07-29T20:45:02,buy,1,1,XAUUSD,4067.688,4066.398,4066.398,4097.496,,,-129,,,user
2297264,2026-07-29T20:44:29,2026-07-29T20:44:53,buy,1,1,XAUUSD,4068.953,4067.219,4067.219,4098.317,,,-173.4,,,user
2297261,2026-07-29T20:43:28,2026-07-29T20:43:32,buy,1,1,XAUUSD,4067.431,4068.015,4066.6,4097.698,,,58.4,,,user
2297245,2026-07-29T20:41:26,2026-07-29T20:42:01,buy,1,1,XAUUSD,4065.875,4065.998,4064.548,4095.646,,,12.3,,,user
2297244,2026-07-29T20:41:10,2026-07-29T20:41:12,buy,1,1,XAUUSD,4065.336,4065.7200000000003,4063.42,4094.517,,,38.4,,,user
2297243,2026-07-29T20:40:52,2026-07-29T20:40:55,buy,1,1,XAUUSD,4065.087,4065.177,4063.171,4094.268,,,9,,,user
2297242,2026-07-29T20:40:33,2026-07-29T20:40:35,buy,1,1,XAUUSD,4065.032,4064.855,4063.09,4094.187,,,-17.7,,,user
2297237,2026-07-29T20:40:08,2026-07-29T20:40:16,buy,1,1,XAUUSD,4064.321,4064.502,4061.55,4093.42,,,18.1,,,user
2297236,2026-07-29T20:39:46,2026-07-29T20:39:57,buy,1,1,XAUUSD,4062.716,4063.081,4058.925,4090.795,,,36.5,,,user
2297231,2026-07-29T20:36:52,2026-07-29T20:39:57,buy,0.01,0.01,XAUUSD,4060.367,4063.081,4057.27,4087.582,,,2.7,,,user
2297140,2026-07-29T20:06:52,2026-07-29T20:35:45,buy,0.01,0.01,XAUUSD,4051.642,4058.4120000000003,4041.697,4068.203,,,6.8,,,user
2297022,2026-07-29T19:55:15,2026-07-29T19:58:10,buy,0.01,0.01,XAUUSD,4060.372,4050.246,4050.246,4088.276,,,-10.1,,,user
2296834,2026-07-29T19:21:18,2026-07-29T19:21:20,sell,0.01,0.01,XAUUSD,4089.735,4088.815,4090.93,4083.68,,,0.9,,,user
2296735,2026-07-29T19:11:34,2026-07-29T19:11:34,sell,0.01,0.01,XAUUSD,4096.826,4097.174,4097.174,4089.925,,,-0.3,,,user
2296723,2026-07-29T19:09:23,2026-07-29T19:10:40,sell,0.01,0.01,XAUUSD,4095.256,4092.223,4101.345,4092.223,,,3,,,user
2296718,2026-07-29T19:07:39,2026-07-29T19:07:42,sell,0.01,0.01,XAUUSD,4101.294,4101.282999999999,4103.013,4093.861,,,,,,user
2296701,2026-07-29T19:05:37,2026-07-29T19:05:40,sell,0.01,0.01,XAUUSD,4105.585,4104.331,4108.552,4089.742,,,1.3,,,user
2296685,2026-07-29T19:04:23,2026-07-29T19:04:25,sell,0.01,0.01,XAUUSD,4107.548,4107.34,4112.196,4093.386,,,0.2,,,user
2296670,2026-07-29T19:02:43,2026-07-29T19:02:49,buy,0.01,0.01,XAUUSD,4109.57,4109.481,4107.721,4125.152,,,-0.1,,,user
2296632,2026-07-29T19:00:12,2026-07-29T19:00:18,buy,0.01,0.01,XAUUSD,4106.795,4108.736,4105.091,4121.759,,,1.9,,,user
2296586,2026-07-29T18:55:25,2026-07-29T18:55:29,sell,0.01,0.01,XAUUSD,4104.209,4104.939,,4089.347,,,-0.7,,,user
2296554,2026-07-29T18:53:35,2026-07-29T18:53:38,buy,0.01,0.01,XAUUSD,4104.46,4105.492,,4118.45,,,1,,,user
2296542,2026-07-29T18:52:24,2026-07-29T18:52:37,buy,0.01,0.01,XAUUSD,4098.563,4099.301,4096.956,4113.897,,,0.7,,,user
2296536,2026-07-29T18:51:39,2026-07-29T18:51:41,buy,0.01,0.01,XAUUSD,4097.356,4095.318,4095.318,4110.064,,,-2,,,user
2296532,2026-07-29T18:51:12,2026-07-29T18:51:17,buy,0.01,0.01,XAUUSD,4098.184,4096.053,4096.053,4108.833,,,-2.1,,,user
2296521,2026-07-29T18:50:25,2026-07-29T18:50:25,buy,0.01,0.01,XAUUSD,4094.798,4094.442,4094.442,4107.224,,,-0.4,,,user
2296424,2026-07-29T18:44:56,2026-07-29T18:45:13,buy,0.01,0.01,XAUUSD,4083.921,4085.324,4079.307,4102.532,,,1.4,,,user
2296303,2026-07-29T18:36:22,2026-07-29T18:36:25,sell,0.02,0.02,XAUUSD,4055.994,4055.665,4058.507,4045.723,,,0.7,,,user
2296269,2026-07-29T18:33:41,2026-07-29T18:33:45,sell,0.02,0.02,XAUUSD,4058.694,4058.218,4061.386,4050.455,,,1,,,user
2296253,2026-07-29T18:32:49,2026-07-29T18:32:57,sell,0.02,0.02,XAUUSD,4058.373,4060.347,4060.347,4052.166,,,-3.9,,,user
2296217,2026-07-29T18:31:24,2026-07-29T18:31:32,sell,0.02,0.02,XAUUSD,4067.482,4062.323,4073.923,,,,10.3,,,user
2296196,2026-07-29T18:29:24,2026-07-29T18:30:00,sell,0.02,0.02,XAUUSD,4064.928,4069.345,4068.699,4059.563,,,-8.8,,,user
2296180,2026-07-29T18:27:33,2026-07-29T18:28:00,sell,0.02,0.02,XAUUSD,4064.612,4065.455,4066.677,,,,-1.7,,,user
2296158,2026-07-29T18:25:15,2026-07-29T18:25:43,sell,0.3,0.3,BTCUSD,63957.07,63923.16,64030.71,63658.69,,,10.17,,,user
2296108,2026-07-29T18:20:51,2026-07-29T18:21:17,sell,0.02,0.02,XAUUSD,4070.308,4070.89,4075.592,,,,-1.2,,,user
2295896,2026-07-29T18:09:42,2026-07-29T18:10:49,sell,0.02,0.02,XAUUSD,4075.574,4073.718,4082.658,4065.952,,,3.7,,,user
2295660,2026-07-29T18:00:36,2026-07-29T18:00:38,buy,0.02,0.02,XAUUSD,4077.253,4084.368,4053.769,,,,14.2,,,user
2295644,2026-07-29T18:00:09,2026-07-29T18:00:15,buy,0.02,0.02,XAUUSD,4077.394,4078.38,4049.418,,,,2,,,user
2295485,2026-07-29T17:53:08,2026-07-29T17:56:42,sell,0.02,0.02,XAUUSD,4045.905,4043.378,4043.378,4038.063,,,5.1,,,user
2295201,2026-07-29T17:19:34,2026-07-29T17:39:21,sell,0.01,0.01,XAUUSD,4044.806,4041.771,4041.771,4027.808,,,3,,,user
2295237,2026-07-29T17:24:31,2026-07-29T17:39:21,sell,0.01,0.01,XAUUSD,4047.219,4041.858,4041.858,4027.677,,,5.4,,,user
2295185,2026-07-29T17:17:42,2026-07-29T17:18:47,sell,0.05,0.05,XAUUSD,4045.167,4045.051,4045.051,4039.728,,,0.6,,,user
2295070,2026-07-29T17:09:30,2026-07-29T17:12:35,sell,0.05,0.05,XAUUSD,4039.948,4043.194,4043.194,4032.844,,,-16.2,,,user
2294964,2026-07-29T17:02:22,2026-07-29T17:03:15,sell,0.05,0.05,XAUUSD,4030.986,4030.7059999999997,4032.891,4029.105,,,1.4,,,user
2294945,2026-07-29T16:59:49,2026-07-29T17:01:07,sell,0.05,0.05,XAUUSD,4027.277,4031.323,4031.323,4020.896,,,-20.2,,,user
2294812,2026-07-29T16:38:20,2026-07-29T16:38:57,sell,0.1,0.1,XAUUSD,4017.226,4016.8579999999997,4019.774,4015.23,,,3.7,,,user
2294808,2026-07-29T16:37:20,2026-07-29T16:37:49,sell,0.1,0.1,XAUUSD,4015.548,4018.598,4018.598,4008.524,,,-30.5,,,user
2294715,2026-07-29T16:30:38,2026-07-29T16:34:08,sell,0.05,0.05,XAUUSD,4017.092,4019.18,4019.18,4012.213,,,-10.4,,,user
2294125,2026-07-29T14:54:18,2026-07-29T14:59:37,buy,0.05,0.05,XAUUSD,4004.791,4005.368,4001.146,4008.979,,,2.9,,,user
2293682,2026-07-29T14:16:49,2026-07-29T14:18:37,buy,0.05,0.05,XAUUSD,4002.564,4006.973,3998.904,4006.973,,,22,,,user
2292701,2026-07-29T13:18:39,2026-07-29T13:23:03,buy,0.05,0.05,XAUUSD,4018.57,4022.773,4016.59,4022.773,,,21,,,user
2291288,2026-07-29T11:06:16,2026-07-29T11:23:34,buy,0.05,0.05,XAUUSD,4026.661,4031.987,4030.828,4039.776,,,26.6,,,user
2290959,2026-07-29T10:19:49,2026-07-29T10:38:49,buy,0.05,0.05,XAUUSD,4031.917,4029.899,4029.899,4043.544,,,-10.1,,,user
2290811,2026-07-29T09:56:42,2026-07-29T10:38:49,buy,0.05,0.05,XAUUSD,4033.884,4029.873,4029.873,4043.544,,,-20.1,,,user
2290733,2026-07-29T09:46:18,2026-07-29T09:53:44,buy,0.05,0.05,XAUUSD,4034.605,4035.015,4035.015,4047.202,,,2.1,,,user
2290648,2026-07-29T09:29:53,2026-07-29T09:32:54,sell,0.05,0.05,XAUUSD,4033.473,4033.4159999999997,4033.255,4021.314,,,0.3,,,user
2284545,2026-07-28T15:29:15,2026-07-28T18:52:29,sell,0.01,0.01,EURUSD,1.13959,1.1387800000000001,1.14171,1.13547,,,0.81,,,user
2284606,2026-07-28T15:45:32,2026-07-28T15:53:53,sell,0.05,0.05,XAUUSD,4042.067,4046.201,4046.201,4029.816,,,-20.7,,,user
2284611,2026-07-28T15:40:11,2026-07-28T15:40:45,buy,0.05,0.05,XAUUSD,4037.354,4037.623,4033.519,4049.905,,,1.3,,,user
2284568,2026-07-28T15:32:45,2026-07-28T15:36:58,sell,0.05,0.05,XAUUSD,4033.416,4037.44,4037.44,4021.235,,,-20.1,,,user
2284452,2026-07-28T15:20:32,2026-07-28T15:22:50,buy,0.05,0.05,XAUUSD,4038.053,4038.144,4038.144,4042.21,,,0.5,,,user
2284434,2026-07-28T15:17:33,2026-07-28T15:20:17,sell,0.05,0.05,XAUUSD,4033.472,4039.1310000000003,4037.687,4021.068,,,-28.3,,,user
2284422,2026-07-28T15:15:59,2026-07-28T15:16:21,sell,0.05,0.05,XAUUSD,4034.034,4033.922,4036.589,4016.169,,,0.6,,,user
2284340,2026-07-28T15:08:50,2026-07-28T15:10:07,buy,0.05,0.05,XAUUSD,4025.576,4032.568,4022.345,4042.452,,,35,,,user
2284298,2026-07-28T15:02:24,2026-07-28T15:05:12,buy,0.05,0.05,XAUUSD,4026.82,4024.13,4024.13,4044.14,,,-13.5,,,user
2284282,2026-07-28T14:59:19,2026-07-28T15:01:23,buy,0.01,0.01,XAUUSD,4026.043,4028.768,4026.07,4032.969,,,2.7,,,user
2276769,2026-07-27T15:46:35,2026-07-27T16:07:22,sell,0.2,0.2,XAUUSD,4076.829,4080.95,4081.726,4063.772,,,-82.4,,,user
2276775,2026-07-27T15:24:37,2026-07-27T16:07:22,sell,0.01,0.01,XAUUSD,4075.447,4080.95,4081.589,4063.817,,,-5.5,,,user
2276662,2026-07-27T15:13:43,2026-07-27T15:14:02,buy,0.3,0.3,BTCUSD,64661.23,64666.380000000005,64495.54,65013.94,,,1.55,,,user
2276647,2026-07-27T15:12:59,2026-07-27T15:13:06,buy,0.3,0.3,BTCUSD,64617.88,64632.58,64448.08,64966.48,,,4.41,,,user
2276626,2026-07-27T15:11:09,2026-07-27T15:12:07,buy,0.2,0.2,BTCUSD,64528.09,64579.49,64363.66,64882.09,,,10.28,,,user
2276606,2026-07-27T15:09:13,2026-07-27T15:09:17,buy,0.2,0.2,XAUUSD,4074.232,4074.293,,4077.043,,,1.2,,,user
2276605,2026-07-27T15:08:56,2026-07-27T15:09:01,buy,0.2,0.2,XAUUSD,4074.237,4074.542,,4076.057,,,6.1,,,user
2276598,2026-07-27T15:07:17,2026-07-27T15:08:45,sell,0.2,0.2,XAUUSD,4073.473,4074.113,4075.265,4071.387,,,-12.8,,,user
2276588,2026-07-27T15:05:18,2026-07-27T15:06:21,sell,0.2,0.2,XAUUSD,4074.224,4074.211,4076.018,4072.656,,,0.3,,,user
2276570,2026-07-27T15:03:12,2026-07-27T15:04:13,sell,0.2,0.2,XAUUSD,4073.401,4074.598,4074.598,4071.929,,,-23.9,,,user
2257771,2026-07-23T14:46:16,2026-07-23T14:47:28,buy,0.01,0.01,XAUUSD,4060.45,4060.369,4056.314,4066.689,,,-0.1,,,user
2255275,2026-07-23T11:36:20,2026-07-23T11:40:25,buy,0.2,0.2,XAUUSD,4081.713,4076.081,4076.081,4100.467,,,-112.6,,,user
2253553,2026-07-23T08:01:01,2026-07-23T08:03:50,buy,0.2,0.2,XAUUSD,4091.659,4093.458,4091.104,4098.633,,,36,,,user
2246803,2026-07-22T15:18:41,2026-07-22T15:23:56,sell,0.02,0.02,XAUUSD,4154.142,4160.887,4160.887,4145.734,,,-13.5,,,user
2245999,2026-07-22T14:16:38,2026-07-22T14:20:54,sell,0.02,0.02,XAUUSD,4152.29,4152.29,4152.29,4134.066,,,,,,user
2244698,2026-07-22T12:55:49,2026-07-22T12:56:59,sell,0.1,0.1,XAUUSD,4117.645,4110.85,4122.658,4102.1,,,68,,,user
2242146,2026-07-22T08:13:42,2026-08-22T08:20:17,sell,0.05,0.05,XAUUSD,4115.751,4115.708,4115.708,4100.58,,,0.2,,,user
2241838,2026-07-22T07:40:03,2026-07-22T07:53:20,sell,0.01,0.1,XAUUSD,4115.009,4111.984,4111.984,4100.148,,,3,,,user
2241838,2026-07-22T07:40:03,2026-07-22T07:51:51,sell,0.04,0.1,XAUUSD,4115.009,4110.844,4111.984,4100.148,,,16.7,,,user
2241838,2026-07-22T07:40:03,2026-07-22T07:49:39,sell,0.03,0.1,XAUUSD,4115.009,4111.182,4111.984,4100.148,,,11.5,,,user
2241838,2026-07-22T07:40:03,2026-07-22T07:47:10,sell,0.02,0.1,XAUUSD,4115.009,4111.84,4111.984,4100.148,,,6.3,,,user
2241432,2026-07-22T07:01:55,2026-07-22T07:13:00,sell,0.1,0.1,XAUUSD,4114.452,4116.351,4116.351,4100.363,,,-19,,,user
2241399,2026-07-22T06:57:35,2026-07-22T07:00:02,buy,0.15,0.15,GBPUSD,1.33787,1.3379500000000002,1.33741,1.33875,,,1.2,,,user
2236000,2026-07-21T14:50:51,2026-07-21T15:06:42,buy,0.1,0.1,XAUUSD,4069.635,4067.387,4064.651,4082.757,,,-22.5,,,user
2235733,2026-07-21T14:30:53,2026-07-21T14:32:55,buy,0.1,0.1,XAUUSD,4073.832,4069.644,4069.644,4083.553,,,-41.9,,,user
2233096,2026-07-21T11:07:07,2026-07-21T12:24:00,sell,0.1,0.1,XAUUSD,4056.658,4062.656,4062.656,4046.23,,,-60,,,user
2230651,2026-07-21T06:59:01,2026-07-21T07:12:05,sell,0.01,0.02,XAUUSD,4078.872,4073.576,4078.83,4062.199,,,5.3,,,user
2230651,2026-07-21T06:59:01,2026-07-21T07:11:24,sell,0.01,0.02,XAUUSD,4078.872,4073.7639999999997,4078.83,4062.199,,,5.1,,,user
2226286,2026-07-20T16:36:26,2026-07-20T16:41:29,sell,0.1,0.1,XAUUSD,4009.833,4001.55,4013.924,4001.55,,,82.8,,,user
2225215,2026-07-20T15:12:37,2026-07-20T15:13:45,sell,0.1,0.1,XAUUSD,4012.929,4015.488,4015.488,,,,-25.6,,,user
2218215,2026-07-20T03:00:07,2026-07-20T05:34:37,sell,0.01,0.01,XAUUSD,4020.831,4012.484,4030.187,4010,,,8.3,,,user
2217888,2026-07-20T02:03:56,2026-07-20T02:15:29,buy,0.01,0.01,XAUUSD,4008.178,4004.888,4001.057,4020,,,-3.3,,,user
2215441,2026-07-18T12:01:15,2026-07-18T12:40:34,buy,0.2,0.2,BTCUSD,64078.38,64133.64,63749.35,,,,11.05,,,user
2215415,2026-07-18T09:40:36,2026-07-18T11:43:45,buy,0.05,0.05,BTCUSD,63924.92,63965.47,61972.96,67572.95,,,2.03,,,user
2214656,2026-07-17T16:55:47,2026-07-17T16:59:49,sell,0.01,0.01,XAUUSD,4015.296,4015.025,4016.87,4012.246,,,0.3,,,user
2208828,2026-07-17T08:15:34,2026-07-17T08:28:17,buy,0.4,0.4,XAUUSD,3994.863,3988.742,3988.742,4005.052,,,-244.8,,,user
2208258,2026-07-17T06:36:06,2026-07-17T06:54:42,sell,0.01,0.01,XAUUSD,4002.748,3997.0919999999996,4007.998,3993.9,,,5.7,,,user
2207831,2026-07-17T06:09:52,2026-07-17T06:10:50,sell,0.01,0.01,XAUUSD,3989.063,3993.058,3993.058,3980.703,,,-4,,,user
2204253,2026-07-16T16:48:45,2026-07-16T17:12:08,buy,0.05,0.05,XAUUSD,3992.31,3985.289,3985.289,,,,-35.1,,,user
2204185,2026-07-16T16:40:41,2026-07-16T16:41:07,buy,0.1,0.1,XAUUSD,3991.655,3990.107,3987.788,3999.106,,,-15.5,,,user
2204043,2026-07-16T16:23:49,2026-07-16T16:31:00,buy,0.1,0.1,XAUUSD,3988.469,3988.741,3981.622,,,,2.7,,,user
2203311,2026-07-16T15:36:05,2026-07-16T15:51:35,sell,0.1,0.1,XAUUSD,4012.198,4011.8579999999997,4015.326,4000.222,,,3.4,,,user
2198504,2026-07-16T11:03:47,2026-07-16T15:26:44,buy,0.04,0.04,BTCUSD,64154.6,64803.53,61647.54,74208.48,,,25.96,,,user
2203113,2026-07-16T15:25:11,2026-07-16T15:25:57,buy,0.1,0.1,XAUUSD,4010.76,4016.203,,,,,54.4,,,user
2202379,2026-07-16T14:15:25,2026-07-16T14:28:40,buy,0.01,0.01,XAUUSD,3988.387,3999.289,3994.707,4004.344,,,10.9,,,user
2200506,2026-07-16T12:45:41,2026-07-16T12:51:35,sell,0.01,0.01,XAUUSD,4002.784,4000.795,4014.446,,,,2,,,user
2199903,2026-07-16T12:17:10,2026-07-16T12:18:50,sell,0.01,0.01,XAUUSD,4017.59,4028.3379999999997,4027.426,,,,-10.7,,,user
2199688,2026-07-16T12:06:25,2026-07-16T12:07:09,sell,0.02,0.02,XAUUSD,4036.316,4036.239,4044.998,,,,0.2,,,user
2197794,2026-07-16T09:26:43,2026-07-16T09:54:09,sell,0.02,0.02,XAUUSD,4032.955,4035.407,4035.407,4026.575,,,-4.9,,,user
2197232,2026-07-16T08:26:08,2026-07-16T09:00:54,sell,0.01,0.02,XAUUSD,4033.22,4037.015,4037.015,4025.914,,,-3.8,,,user
2197232,2026-07-16T08:26:08,2026-07-16T08:56:41,sell,0.01,0.02,XAUUSD,4033.22,4034.069,4037.015,4025.914,,,-0.8,,,user
2196921,2026-07-16T08:03:45,2026-07-16T08:10:25,buy,0.02,0.02,BTCUSD,64154.33,64020.8,64023.4,64518,,,-2.67,,,user
2196736,2026-07-16T07:45:46,2026-07-16T07:53:15,buy,0.05,0.1,BTCUSD,64210.07,64012.94,64045.2,64519.11,,,-9.86,,,user
2196736,2026-07-16T07:45:46,2026-07-16T07:50:56,buy,0.05,0.1,BTCUSD,64210.07,64095.78,64045.2,64519.11,,,-5.71,,,user
2196265,2026-07-16T06:45:34,2026-07-16T07:00:03,buy,0.01,0.01,XAUUSD,4027.099,4030.107,4030.107,4036.726,,,3,,,user
2196166,2026-07-16T06:37:03,2026-07-16T06:40:12,sell,0.01,0.01,XAUUSD,4023.626,4026.778,4030.226,4010.803,,,-3.2,,,user
2188631,2026-07-15T13:30:49,2026-07-15T13:50:38,sell,0.1,0.1,BTCUSD,65307.55,64903.770000000004,65272.23,,,,40.38,,,user
2187946,2026-07-15T12:43:33,2026-07-15T12:58:19,sell,0.01,0.01,XAUUSD,4060.674,4070,4070,4030,,,-9.3,,,user
2187925,2026-07-15T12:42:34,2026-07-15T12:42:59,sell,0.01,0.01,XAUUSD,4057.708,4061.029,4061.029,,,,-3.3,,,user
2181982,2026-07-15T01:36:14,2026-07-15T01:40:35,sell,0.1,0.1,XAUUSD,4046.46,4040.951,4054.091,,,,55.1,,,user
2181965,2026-07-15T01:33:49,2026-07-15T01:34:59,sell,0.1,0.1,XAUUSD,4048.196,4050.951,4050.951,4042.116,,,-27.6,,,user
2181513,2026-07-14T19:22:41,2026-07-14T19:24:22,buy,0.1,0.1,BTCUSD,64648.33,64590.37,64552.25,64739.81,,,-5.8,,,user
2181470,2026-07-14T19:05:33,2026-07-14T19:09:09,sell,0.5,0.5,XAUUSD,4052.674,4054.6349999999998,,4051.934,,,-98.1,,,user
2181343,2026-07-14T18:41:38,2026-07-14T18:52:29,sell,0.04,0.04,XAUUSD,4045.953,4051.369,4051.369,4032.714,,,-21.7,,,user
2181048,2026-07-14T17:24:17,2026-07-14T18:32:10,buy,0.04,0.04,XAUUSD,4061.245,4055.4610000000002,4055.692,4072.5,,,-23.1,,,user
2180088,2026-07-14T16:05:25,2026-07-14T16:43:22,buy,0.03,0.03,XAUUSD,4060.256,4061.906,4053.528,4087.225,,,5,,,user
2179942,2026-07-14T15:41:27,2026-07-14T15:42:30,sell,0.02,0.02,XAUUSD,4073.571,4067.652,4081.212,4065.018,,,11.8,,,user
2179712,2026-07-14T15:15:44,2026-07-14T15:37:46,sell,0.01,0.01,XAUUSD,4089.139,4078.2619999999997,4093.888,4076.619,,,10.9,,,user
2177976,2026-07-14T13:02:09,2026-07-14T15:05:39,buy,0.01,0.01,XAUUSD,4081.49,4087.215,4069.006,4106.025,,,5.7,,,user
2178810,2026-07-14T13:57:56,2026-07-14T14:34:13,sell,0.01,0.01,XAUUSD,4077.654,4088.048,4088.048,,,,-10.4,,,user
2176698,2026-07-14T12:12:55,2026-07-14T12:30:00,sell,0.1,0.1,XAUUSD,4027.502,4033.548,4033.548,,,,-60.5,,,user
2176247,2026-07-14T11:23:42,2026-07-14T11:44:35,buy,0.1,0.1,XAUUSD,4024.695,4027.232,4027.232,4034.243,,,25.4,,,user
2176206,2026-07-14T11:20:25,2026-07-14T11:20:42,buy,0.1,0.1,XAUUSD,4024.904,4025.991,4020.254,4031.045,,,10.9,,,user
2176172,2026-07-14T11:15:11,2026-07-14T11:18:55,buy,0.1,0.1,XAUUSD,4022.718,4022.7980000000002,4018.884,4029.291,,,0.8,,,user
2176158,2026-07-14T11:14:03,2026-07-14T11:14:40,sell,0.1,0.1,XAUUSD,4020.454,4023.428,4023.428,4015.978,,,-29.7,,,user
2175985,2026-07-14T10:42:45,2026-07-14T10:51:40,buy,0.05,0.05,XAUUSD,4019.069,4020.226,4016.847,4023.581,,,5.8,,,user
2175964,2026-07-14T10:40:15,2026-07-14T10:40:45,buy,0.05,0.05,XAUUSD,4019.216,4019.708,4015.74,4022.692,,,2.5,,,user
2175759,2026-07-14T10:07:45,2026-07-14T10:27:04,sell,0.01,0.01,XAUUSD,4018.747,4016.84,4016.84,4014.235,,,1.9,,,user
2175744,2026-07-14T10:05:05,2026-07-14T10:05:38,sell,0.01,0.01,XAUUSD,4019.506,4019.263,4023.857,,,,0.2,,,user
2175686,2026-07-14T09:53:03,2026-07-14T10:00:37,sell,0.01,0.01,XAUUSD,4021.012,4020.8979999999997,4024.214,4014.737,,,0.1,,,user

